{
    "openapi": "3.0.0",
    "info": {
        "title": "FIFA ORGANIZACIJA",
        "version": "1.0",
        "contact": {
            "email": "hrvoje.elez@fer.hr"
        },
        "license": {
            "name": "GNU GENERAL PUBLIC LICENSE"
        }
    },
    "paths": {
        "/openapi": {
            "get": {
                "summary": "Dohvati bazu podataka",
                "description": "Vraća cijelu bazu podataka",
                "produces": [
                    "application/json"
                ],
                "responses": {
                    "200": {
                        "description": "Svi podaci dohvaćeni!!!",
                        "schema": {
                            "$ref": "#/definitions/Resource"
                        }
                    },
                    "404": {
                        "description": "ID does not exist"
                    }
                }
            }
        },
        "/openapi/klub/:id": {
            "get": {
                "summary": "Dohvati Klub sa ",
                "description": "Vraća klub koja ima traženi id",
                "produces": [
                    "application/json"
                ],
                "parameters": [{
                    "name": "id",
                    "in": "path",
                    "description": "ID kluba",
                    "required": true,
                    "type": "integer",
                    "format": "uint64"
                }],
                "responses": {
                    "200": {
                        "description": "Postoji klub sa zadanim ID-om",
                        "schema": {
                            "$ref": "#/definitions/Resource"
                        }
                    },
                    "400": {
                        "description": "Invalid ID"
                    },
                    "404": {
                        "description": "ID does not exist in database"
                    }
                }
            }
        },
        "/openapi/clanica/:id": {
            "get": {
                "summary": "Dohvati clanica sa ID-om",
                "description": "Vraća clanica koja ima traženi id",
                "produces": [
                    "application/json"
                ],
                "parameters": [{
                    "name": "id",
                    "in": "path",
                    "description": "ID clanica",
                    "required": true,
                    "type": "integer",
                    "format": "uint64"
                }],
                "responses": {
                    "200": {
                        "description": "Postoji clanica sa zadanim ID-om",
                        "schema": {
                            "$ref": "#/definitions/Resource"
                        }
                    },
                    "400": {
                        "description": "Invalid ID"
                    },
                    "404": {
                        "description": "ID does not exist in database"
                    }
                }
            }
        },
        "/openapi/konf/:id": {
            "get": {
                "summary": "Dohvati konfederaciju sa zadanim ID-om ",
                "description": "Vraća konfederaciju koja ima traženi id",
                "produces": [
                    "application/json"
                ],
                "parameters": [{
                    "name": "id",
                    "in": "path",
                    "description": "ID konfederacija",
                    "required": true,
                    "type": "integer",
                    "format": "uint64"
                }],
                "responses": {
                    "200": {
                        "description": "Postoji konfederacija sa zadanim ID-om",
                        "schema": {
                            "$ref": "#/definitions/Resource"
                        }
                    },
                    "400": {
                        "description": "Invalid ID"
                    },
                    "404": {
                        "description": "ID does not exist in database"
                    }
                }
            }
        },
        "/all_clubs/": {
            "get": {
                "summary": "Dohvati skup svih klubova ",
                "description": "Vraća cijelu bazu klubova",
                "produces": [
                    "application/json"
                ],
                "responses": {
                    "200": {
                        "description": "Svi klubovi dohvaćeni!!!",
                        "schema": {
                            "$ref": "#/definitions/Resource"
                        }
                    },
                    "404": {
                        "description": "ID does not exist"
                    }
                }
            }
        },
        "/openapi/delete_club/:id": {
            "get": {
                "summary": "Obrisi klub sa zadanim ID-om ",
                "description": "Briše klub koja ima traženi id",
                "produces": [
                    "application/json"
                ],
                "parameters": [{
                    "name": "id",
                    "in": "path",
                    "description": "ID konfederacija",
                    "required": true,
                    "type": "integer",
                    "format": "uint64"
                }],
                "responses": {
                    "200": {
                        "description": "Uspješno obrisan klub sa zadanim ID-om",
                        "schema": {
                            "$ref": "#/definitions/Resource"
                        }
                    },
                    "400": {
                        "description": "Invalid ID"
                    },
                    "404": {
                        "description": "ID does not exist in database or deleting error"
                    }
                }
            }
        },
        "/openapi/add_club/": {
            "get": {
                "summary": "Dodaj klub sa zadanim parametrima ",
                "description": "Dodaje klub koja ima tražene parametre",
                "produces": [
                    "application/json"
                ],
                "parameters": [{
                        "name": "id",
                        "in": "path",
                        "description": "ID konfederacija",
                        "required": true,
                        "type": "integer",
                        "format": "uint64"
                    },
                    {
                        "name": "id_clanice",
                        "in": "path",
                        "description": "id_clanice",
                        "required": true,
                        "type": "integer",
                        "format": "uint64"
                    },
                    {
                        "name": "stadion",
                        "in": "path",
                        "description": "stadion",
                        "required": true,
                        "type": "string"
                    },
                    {
                        "name": "trener",
                        "in": "path",
                        "description": "trener",
                        "required": true,
                        "type": "string"
                    },
                    {
                        "name": "godina_osnutka",
                        "in": "path",
                        "description": "godina_osnutka",
                        "required": true,
                        "type": "integer",
                        "format": "uint64"
                    },
                    {
                        "name": "ime_kluba",
                        "in": "path",
                        "description": "ime_kluba",
                        "required": true,
                        "type": "string"
                    }
                ],
                "responses": {
                    "200": {
                        "description": "Uspješno dodan klub sa zadanim ID-om",
                        "schema": {
                            "$ref": "#/definitions/Resource"
                        }
                    },
                    "400": {
                        "description": "Invalid ID"
                    },
                    "404": {
                        "description": "ID does not exist in database or updating error"
                    }
                }
            }
        },
        "/openapi/update/": {
            "get": {
                "summary": "Azuriraj klub sa zadanim parametrima ",
                "description": "Azuriraj klub koja ima tražene parametre",
                "produces": [
                    "application/json"
                ],
                "parameters": [{
                        "name": "id",
                        "in": "path",
                        "description": "ID konfederacija",
                        "required": true,
                        "type": "integer",
                        "format": "uint64"
                    },
                    {
                        "name": "id_clanice",
                        "in": "path",
                        "description": "id_clanice",
                        "required": true,
                        "type": "integer",
                        "format": "uint64"
                    },
                    {
                        "name": "stadion",
                        "in": "path",
                        "description": "stadion",
                        "required": true,
                        "type": "string"
                    },
                    {
                        "name": "trener",
                        "in": "path",
                        "description": "trener",
                        "required": true,
                        "type": "string"
                    },
                    {
                        "name": "godina_osnutka",
                        "in": "path",
                        "description": "godina_osnutka",
                        "required": true,
                        "type": "integer",
                        "format": "uint64"
                    },
                    {
                        "name": "ime_kluba",
                        "in": "path",
                        "description": "ime_kluba",
                        "required": true,
                        "type": "string"
                    }
                ],
                "responses": {
                    "200": {
                        "description": "Uspješno azuriran klub sa zadanim ID-om",
                        "schema": {
                            "$ref": "#/definitions/Resource"
                        }
                    },
                    "400": {
                        "description": "Invalid ID or other data"
                    },
                    "404": {
                        "description": "ID doesnot exist in database or updating error"
                    }
                }
            }
        }
    }
}