[{"konfederacija":"CAF","predsjednik":"Patrice Mostepe","podrucje_djelovanja":"Afrika","godina_osnutka":1957,"Članovi":[{"Država" : "Maroko", "Godina_osnutka" : "1956", "Predsjednik" : "Fouzi Lekjaa", "Godina_pristupanja" : 1960, "klubovi" : [{"Klub" : "Wydad AC", "Godina_osnutka" : 1937, "Trener" : "Hussein Ammouta", "Stadion" : "Stade Mohammed V"}]}, {"Država" : "Egipat", "Godina_osnutka" : "1921", "Predsjednik" : "Gamal Allam", "Godina_pristupanja" : 1923, "klubovi" : [{"Klub" : "Zamalek SC", "Godina_osnutka" : 1911, "Trener" : "Jesualdo Ferreira", "Stadion" : "Cairo International Stadium"}]}, {"Država" : "Alžir", "Godina_osnutka" : "1962", "Predsjednik" : "Djahid Zefizaf", "Godina_pristupanja" : 1963, "klubovi" : [{"Klub" : "CR Belouizdad", "Godina_osnutka" : 1962, "Trener" : "Nabil Kouki", "Stadion" : "20 August 1955 Stadium"}]}]}, 
 {"konfederacija":"CONCACAF","predsjednik":"Victor Montagliani","podrucje_djelovanja":"Sjeverna Amerika","godina_osnutka":1961,"Članovi":[{"Država" : "Kanada", "Godina_osnutka" : "1912", "Predsjednik" : "Nick Bontis", "Godina_pristupanja" : 1948, "klubovi" : [{"Klub" : "CF Montréal", "Godina_osnutka" : 1992, "Trener" : "Wilfried Nancy", "Stadion" : "Saputo Stadium"}]}, {"Država" : "SAD", "Godina_osnutka" : "1913", "Predsjednik" : "Cindy Parlow Cone", "Godina_pristupanja" : 1914, "klubovi" : [{"Klub" : "Chicago Fire FC", "Godina_osnutka" : 1997, "Trener" : "Ezra Hendrickson", "Stadion" : "Soldier Field"}, {"Klub" : "Sporting Kansas City", "Godina_osnutka" : 1995, "Trener" : "Peter Vermes", "Stadion" : "Childrens Mercy Park"}]}]}, 
 {"konfederacija":"OFC","predsjednik":"Lambert Maltock","podrucje_djelovanja":"Oceanija","godina_osnutka":1966,"Članovi":[{"Država" : "Novi Zeland", "Godina_osnutka" : "1891", "Predsjednik" : "Johanna Wood", "Godina_pristupanja" : 1948, "klubovi" : [{"Klub" : "Miramar Rangers", "Godina_osnutka" : 1907, "Trener" : "Scott Hales", "Stadion" : "Farrington Park"}]}]}, 
 {"konfederacija":"UEFA","predsjednik":"Aleksander_Čeferin","podrucje_djelovanja":"Europa","godina_osnutka":1954,"Članovi":[{"Država" : "Španjolska", "Godina_osnutka" : "1909", "Predsjednik" : "Luis Rubiales", "Godina_pristupanja" : 1914, "klubovi" : [{"Klub" : "Villarreal CF", "Godina_osnutka" : 1923, "Trener" : "Unai Emery", "Stadion" : "Ciutat de València"}, {"Klub" : "Sevilla FC", "Godina_osnutka" : 1890, "Trener" : "Jorge Sampaoli", "Stadion" : "Estadio Ramón Sánchez Pizjuán"}]}, {"Država" : "Njemačka", "Godina_osnutka" : "1900", "Predsjednik" : "Bernd Neuendorf", "Godina_pristupanja" : 1909, "klubovi" : [{"Klub" : "Borussia Dortmund", "Godina_osnutka" : 1909, "Trener" : "Edin Terzić", "Stadion" : "Signal Iduna Park"}, {"Klub" : "Eintracht Frankfurt", "Godina_osnutka" : 1899, "Trener" : "Oliver Glasner", "Stadion" : "Deutsche Bank Park"}]}, {"Država" : "Hrvatska", "Godina_osnutka" : "1912", "Predsjednik" : "Marijan Kustić", "Godina_pristupanja" : 1941, "klubovi" : [{"Klub" : "NK Osijek", "Godina_osnutka" : 1947, "Trener" : "Rene Poms", "Stadion" : "Stadion Gradski vrt"}, {"Klub" : "HNK Gorica", "Godina_osnutka" : 2009, "Trener" : "Igor Angelovski", "Stadion" : "Gradski stadion Velika Gorica"}]}]}, 
 {"konfederacija":"CONMEBOL","predsjednik":"Alejandro Domínguez","podrucje_djelovanja":"Južna Amerika","godina_osnutka":1916,"Članovi":[{"Država" : "Brazil", "Godina_osnutka" : "1914", "Predsjednik" : "Ednaldo Rodrigues", "Godina_pristupanja" : 1923, "klubovi" : [{"Klub" : "Santos FC", "Godina_osnutka" : 1912, "Trener" : "Orlando Ribeiro", "Stadion" : "Vila Belmiro"}]}, {"Država" : "Kolumbija", "Godina_osnutka" : "1924", "Predsjednik" : "Ramón Jesurún", "Godina_pristupanja" : 1936, "klubovi" : [{"Klub" : "América de Cali", "Godina_osnutka" : 1927, "Trener" : "Alexandre Guimarães", "Stadion" : "Estadio Olímpico Pascual Guerrero"}]}, {"Država" : "Argentina", "Godina_osnutka" : "1893", "Predsjednik" : "Claudio Tapia", "Godina_pristupanja" : 1912, "klubovi" : [{"Klub" : "Boca Juniors", "Godina_osnutka" : 1905, "Trener" : "Hugo Ibarra", "Stadion" : "La Bombonera"}]}]}, 
 {"konfederacija":"AFC","predsjednik":"Salman bin Ibrahim Al Khalifa","podrucje_djelovanja":"Azija","godina_osnutka":1954,"Članovi":[{"Država" : "Iran", "Godina_osnutka" : "1920", "Predsjednik" : "Mehdi Taj", "Godina_pristupanja" : 1948, "klubovi" : [{"Klub" : "Persepolis F.C.", "Godina_osnutka" : 1963, "Trener" : "Yahya Golmohammadi", "Stadion" : "Azadi Stadium"}]}, {"Država" : "Japan", "Godina_osnutka" : "1921", "Predsjednik" : "Kozo Tashima", "Godina_pristupanja" : 1929, "klubovi" : [{"Klub" : "Kawasaki Frontale", "Godina_osnutka" : 1955, "Trener" : "Yoshihiro Warashina", "Stadion" : "Kawasaki Todoroki Stadium"}]}]}]