{
    "$schema": "https://json-schema.org/draft/2019-09/schema",
    "$id": "https://github.com/hrvel/LAB_OR/blob/main/FIFA.json",
    "type": "array",
    "default": [],
    "title": "Fifa schema",
    "items": {
        "type": "object",
        "title": "Fifa ",
        "required": [
            "konfederacija",
            "predsjednik",
            "podrucje_djelovanja",
            "godina_osnutka",
            "Članovi"
        ],
        "properties": {
            "konfederacija": {
                "type": "string",
                "title": "Ime konfederacije"
            },
            "predsjednik": {
                "type": "string",
                "title": "Ime predsjednika"
            },
            "podrucje_djelovanja": {
                "type": "string",
                "title": "Podrucje djelovanja"
            },
            "godina_osnutka": {
                "type": "integer",
                "title": "Godina osnutka"
            },
            "Članovi": {
                "type": "array",
                "title": "Članovi",
                "items": {
                    "type": "object",
                    "title": "A Schema",
                    "required": [
                        "Država",
                        "Godina osnutka",
                        "Predsjednik",
                        "Godina pristupanja",
                        "klubovi"
                    ],
                    "properties": {
                        "Država": {
                            "type": "string",
                            "title": "Ime Države"
                        },
                        "Godina osnutka": {
                            "type": "string",
                            "title": "Godina osnutka"
                        },
                        "Predsjednik": {
                            "type": "string",
                            "title": "Ime predsjednika"
                        },
                        "Godina pristupanja": {
                            "type": "integer",
                            "title": "Godina pristupanja Člana"
                        },
                        "klubovi": {
                            "type": "array",
                            "title": "Klub",
                            "items": {
                                "type": "object",
                                "title": "A Schema",
                                "required": [
                                    "Klub",
                                    "Godina osnutka",
                                    "Trener",
                                    "Stadion"
                                ],
                                "properties": {
                                    "Klub": {
                                        "type": "string",
                                        "title": "Ime kluba"
                                    },
                                    "Godina osnutka": {
                                        "type": "integer",
                                        "title": "Godina osnutka kluba"
                                    },
                                    "Trener": {
                                        "type": "string",
                                        "title": "Ime trenera"
                                    },
                                    "Stadion": {
                                        "type": "string",
                                        "title": "Ime stadiona"
                                    }
                                }
                            }
                        }
                    }
                }
            }
        }
    }
}